time_control_key,base_seconds,increment_sec,name
1,60,0,Bullet
2,900,30,Classical
3,120,0,Bullet
4,180,0,Blitz
5,300,2,Blitz
6,600,0,Rapid
7,180,1,Blitz
8,1800,8,Classical
9,1200,5,Rapid
10,300,5,Rapid
11,360,5,Rapid
12,300,8,Rapid
13,300,0,Blitz
14,900,15,Classical
15,180,5,Blitz
16,900,8,Rapid
17,360,0,Blitz
18,480,0,Rapid
19,600,10,Rapid
20,360,6,Rapid
21,600,15,Rapid
22,240,3,Blitz
23,120,2,Blitz
24,900,0,Rapid
25,180,30,Rapid
26,360,8,Rapid
27,120,8,Blitz
28,240,0,Blitz
29,180,2,Blitz
30,600,5,Rapid
31,360,1,Blitz
32,1020,0,Rapid
33,420,0,Blitz
34,600,8,Rapid
35,720,0,Rapid
36,420,6,Rapid
37,900,1,Rapid
38,360,2,Blitz
39,1800,0,Classical
40,300,1,Blitz
41,720,8,Rapid
42,1200,30,Classical
43,480,8,Rapid
44,660,0,Rapid
45,60,2,Bullet
46,120,1,Bullet
47,300,3,Blitz
48,300,4,Blitz
49,420,9,Rapid
50,1200,0,Rapid
51,1200,6,Rapid
52,420,5,Rapid
53,540,0,Rapid
54,0,0,Correspondence
55,720,14,Rapid
56,1800,120,Classical
57,600,1,Rapid
58,300,15,Rapid
59,1200,20,Classical
60,60,1,Bullet
61,180,8,Rapid
62,480,9,Rapid
63,420,11,Rapid
64,60,3,Blitz
65,240,2,Blitz
66,1200,1,Rapid
67,540,9,Rapid
68,1500,8,Classical
69,840,8,Rapid
70,60,5,Blitz
71,540,3,Rapid
72,480,10,Rapid
73,240,6,Rapid
74,420,8,Rapid
75,960,20,Classical
76,120,13,Rapid
77,180,3,Blitz
78,0,2,Bullet
79,720,12,Rapid
80,420,2,Rapid
81,660,5,Rapid
82,1500,15,Classical
83,1500,1,Classical
84,540,5,Rapid
85,180,4,Blitz
86,300,6,Rapid
87,480,1,Rapid
88,540,25,Classical
89,840,5,Rapid
90,360,7,Rapid
91,1140,1,Rapid
92,1200,10,Classical
93,0,3,Bullet
94,1500,10,Classical
95,0,1,Bullet
96,420,7,Rapid
97,660,8,Rapid
98,960,5,Rapid
99,360,9,Rapid
100,240,1,Blitz
101,300,10,Rapid
102,120,12,Rapid
103,900,10,Rapid
104,300,7,Rapid
105,240,8,Rapid
106,480,5,Rapid
107,240,4,Blitz
108,1200,8,Classical
109,600,6,Rapid
110,780,0,Rapid
111,120,30,Rapid
112,540,1,Rapid
113,1200,2,Rapid
114,1800,1,Classical
115,60,19,Rapid
116,900,3,Rapid
117,0,4,Bullet
118,120,3,Blitz
119,480,3,Rapid
120,600,3,Rapid
121,1800,60,Classical
122,600,9,Rapid
123,780,7,Rapid
124,540,8,Rapid
125,240,5,Blitz
126,120,4,Blitz
127,360,3,Rapid
128,1020,13,Classical
129,720,5,Rapid
130,720,15,Rapid
131,420,4,Rapid
132,1080,5,Rapid
133,720,4,Rapid
134,360,4,Rapid
135,1140,30,Classical
136,10800,180,Classical
137,600,2,Rapid
138,1800,30,Classical
139,360,10,Rapid
140,120,10,Rapid
141,720,30,Classical
142,900,12,Rapid
143,1080,0,Rapid
144,840,0,Rapid
145,600,20,Rapid
146,660,11,Rapid
147,420,3,Rapid
148,120,5,Blitz
149,540,2,Rapid
150,420,1,Blitz
151,1260,8,Classical
152,120,7,Blitz
153,300,30,Classical
154,1080,10,Rapid
155,1200,7,Rapid
156,1080,3,Rapid
157,1500,0,Classical
158,900,11,Rapid
159,900,9,Rapid
160,1800,3,Classical
161,720,10,Rapid
162,9000,0,Classical
163,1140,0,Rapid
164,1800,15,Classical
165,2400,15,Classical
166,60,8,Blitz
167,2100,0,Classical
168,480,15,Rapid
169,1200,12,Classical
170,900,5,Rapid
171,540,7,Rapid
172,960,10,Rapid
173,480,2,Rapid
174,780,2,Rapid
175,240,25,Rapid
176,840,10,Rapid
177,0,8,Blitz
178,660,2,Rapid
179,180,9,Rapid
180,900,20,Classical
181,660,1,Rapid
182,480,4,Rapid
183,1500,3,Classical
184,900,7,Rapid
185,60,30,Rapid
186,1140,3,Rapid
187,420,10,Rapid
188,600,12,Rapid
189,3600,0,Classical
190,180,16,Rapid
191,420,12,Rapid
192,240,30,Rapid
193,1080,8,Rapid
194,540,20,Rapid
195,960,8,Rapid
196,780,13,Rapid
197,480,7,Rapid
198,600,7,Rapid
199,180,6,Blitz
200,60,12,Rapid
201,60,10,Blitz
202,1020,3,Rapid
203,300,16,Rapid
204,420,17,Rapid
205,60,45,Classical
206,660,15,Rapid
207,3600,15,Classical
208,240,7,Rapid
209,900,4,Rapid
210,780,16,Rapid
211,1140,5,Rapid
212,660,12,Rapid
213,900,16,Classical
214,480,6,Rapid
215,0,20,Rapid
216,900,120,Classical
217,960,15,Classical
218,600,4,Rapid
219,5400,18,Classical
220,960,0,Rapid
221,1020,5,Rapid
222,1500,5,Classical
223,660,4,Rapid
224,1500,4,Classical
225,1500,12,Classical
226,660,6,Rapid
227,360,20,Rapid
228,0,5,Blitz
229,540,19,Rapid
230,60,4,Blitz
231,840,6,Rapid
232,180,7,Blitz
233,120,6,Blitz
234,120,9,Rapid
235,600,30,Classical
236,3600,8,Classical
237,1020,15,Classical
238,1500,11,Classical
239,240,10,Rapid
240,0,19,Rapid
241,960,1,Rapid
242,300,12,Rapid
243,1800,5,Classical
244,360,15,Rapid
245,540,10,Rapid
246,2100,10,Classical
247,60,6,Blitz
248,2100,8,Classical
249,900,13,Rapid
250,840,2,Rapid
251,780,10,Rapid
252,900,2,Rapid
253,2400,8,Classical
254,1140,10,Classical
255,720,3,Rapid
256,600,11,Rapid
257,5400,30,Classical
258,300,9,Rapid
259,360,11,Rapid
260,960,7,Rapid
261,1020,1,Rapid
262,180,12,Rapid
263,600,25,Classical
264,120,11,Rapid
265,720,7,Rapid
266,780,3,Rapid
267,720,9,Rapid
268,780,1,Rapid
269,1800,6,Classical
270,780,12,Rapid
271,1020,8,Rapid
272,180,10,Rapid
273,2700,0,Classical
274,900,6,Rapid
275,1200,18,Classical
276,660,180,Classical
277,300,21,Rapid
278,240,40,Classical
279,1200,15,Classical
280,60,13,Rapid
281,540,12,Rapid
282,300,20,Rapid
283,960,6,Rapid
284,540,15,Rapid
285,0,7,Blitz
286,660,14,Rapid
287,600,40,Classical
288,780,5,Rapid
289,120,15,Rapid
290,0,16,Rapid
291,0,6,Blitz
292,720,2,Rapid
293,0,15,Rapid
294,840,12,Rapid
295,1080,15,Classical
296,660,10,Rapid
297,300,13,Rapid
298,2400,0,Classical
299,720,20,Classical
300,840,3,Rapid
301,1740,30,Classical
302,1500,30,Classical
303,900,25,Classical
304,1800,4,Classical
305,240,17,Rapid
306,60,14,Rapid
307,540,6,Rapid
308,60,11,Rapid
309,180,11,Rapid
310,180,15,Rapid
311,60,20,Rapid
312,1200,3,Rapid
313,1200,14,Classical
314,240,12,Rapid
315,600,180,Classical
316,1080,11,Classical
317,9000,180,Classical
318,1800,10,Classical
319,60,15,Rapid
320,780,30,Classical
321,1200,11,Classical
322,60,7,Blitz
323,2700,10,Classical
324,3600,20,Classical
325,1080,2,Rapid
326,60,9,Blitz
327,300,18,Rapid
328,0,12,Rapid
329,420,14,Rapid
330,660,3,Rapid
331,120,16,Rapid
332,540,180,Classical
333,1200,13,Classical
334,7200,90,Classical
335,10800,0,Classical
336,960,2,Rapid
337,300,19,Rapid
338,300,14,Rapid
339,780,14,Rapid
340,1500,2,Classical
341,30,0,Bullet
342,30,1,Bullet
343,0,10,Blitz
344,45,0,Bullet
345,30,2,Bullet
346,900,18,Classical
347,30,3,Bullet
348,780,15,Rapid
349,660,9,Rapid
350,840,11,Rapid
351,90,2,Bullet
352,840,60,Classical
353,240,13,Rapid
354,45,3,Bullet
355,90,1,Bullet
356,10800,1,Classical
357,780,4,Rapid
358,720,6,Rapid
359,90,0,Bullet
360,3600,180,Classical
361,90,3,Blitz
362,45,5,Blitz
363,90,4,Blitz
364,1500,25,Classical
365,1500,17,Classical
366,10800,2,Classical
367,300,60,Classical
368,45,1,Bullet
369,0,30,Rapid
370,840,4,Rapid
371,120,20,Rapid
372,480,20,Rapid
373,45,2,Bullet
374,10800,8,Classical
375,960,4,Rapid
376,30,6,Blitz
377,0,180,Classical
378,780,11,Rapid
379,60,17,Rapid
380,720,1,Rapid
381,2700,45,Classical
382,1080,7,Rapid
383,1140,2,Rapid
384,660,7,Rapid
385,420,15,Rapid
386,240,9,Rapid
387,1500,7,Classical
388,90,5,Blitz
389,45,9,Blitz
390,0,13,Rapid
391,30,5,Blitz
392,90,9,Blitz
393,360,12,Rapid
394,1080,17,Classical
395,9000,60,Classical
396,1800,2,Classical
397,780,20,Classical
