tournament_key,url
1,https://lichess.org/tournament/06qOpdDP
2,https://lichess.org/tournament/096JCUD0
3,https://lichess.org/tournament/0WqtQPKA
4,https://lichess.org/tournament/0zab7oa6
5,https://lichess.org/tournament/2XU3LBSg
6,https://lichess.org/tournament/2cS0czsO
7,https://lichess.org/tournament/39ays7a0
8,https://lichess.org/tournament/55gdsbtt
9,https://lichess.org/tournament/57OM5PFv
10,https://lichess.org/tournament/5tYaWyWx
11,https://lichess.org/tournament/6KN7Z8O1
12,https://lichess.org/tournament/6k4XlA41
13,https://lichess.org/tournament/6sk8n6og
14,https://lichess.org/tournament/7sW7E5QW
15,https://lichess.org/tournament/7tmZORG3
16,https://lichess.org/tournament/8Dd0jHbU
17,https://lichess.org/tournament/8WW6AEht
18,https://lichess.org/tournament/9ZSTfevJ
19,https://lichess.org/tournament/9sgAf40r
20,https://lichess.org/tournament/ALSPH3ta
21,https://lichess.org/tournament/B6Zc63xx
22,https://lichess.org/tournament/BBTpR6GG
23,https://lichess.org/tournament/Bm8XM215
24,https://lichess.org/tournament/CDDuycev
25,https://lichess.org/tournament/DZJtCYX7
26,https://lichess.org/tournament/EDxOTBzt
27,https://lichess.org/tournament/ELzl8TmC
28,https://lichess.org/tournament/F2bGLmye
29,https://lichess.org/tournament/FFK4WyEa
30,https://lichess.org/tournament/FIm5eTw4
31,https://lichess.org/tournament/FlOgE9UA
32,https://lichess.org/tournament/FncjiWaj
33,https://lichess.org/tournament/GryAvpp1
34,https://lichess.org/tournament/GxWOFUwO
35,https://lichess.org/tournament/H3vWHm96
36,https://lichess.org/tournament/IIDI2DRF
37,https://lichess.org/tournament/IaRkDsvp
38,https://lichess.org/tournament/J5IS2eGz
39,https://lichess.org/tournament/JKg1PRJA
40,https://lichess.org/tournament/LARodg8X
41,https://lichess.org/tournament/LCtWQZ9q
42,https://lichess.org/tournament/LGcu43Jf
43,https://lichess.org/tournament/LSmWpVg9
44,https://lichess.org/tournament/LfF4Il74
45,https://lichess.org/tournament/M8OQGKyk
46,https://lichess.org/tournament/N7REAU1K
47,https://lichess.org/tournament/Oqh7ddtQ
48,https://lichess.org/tournament/PYsypjum
49,https://lichess.org/tournament/PaYp7J38
50,https://lichess.org/tournament/Pq0RCAJV
51,https://lichess.org/tournament/QYFZ0F57
52,https://lichess.org/tournament/QtZaZQ3p
53,https://lichess.org/tournament/R8vL6P2Z
54,https://lichess.org/tournament/RAQKhJvo
55,https://lichess.org/tournament/RCOPb6Bo
56,https://lichess.org/tournament/RRKqM84J
57,https://lichess.org/tournament/Rtb5SXF5
58,https://lichess.org/tournament/SKHPDeAu
59,https://lichess.org/tournament/Sy5nq9Pl
60,https://lichess.org/tournament/TGdh3zU1
61,https://lichess.org/tournament/ThB6Tm8R
62,https://lichess.org/tournament/TmQyOW1P
63,https://lichess.org/tournament/UtqbCHBF
64,https://lichess.org/tournament/UwqQ14MT
65,https://lichess.org/tournament/V3iuDNS6
66,https://lichess.org/tournament/W7PT243K
67,https://lichess.org/tournament/WyLZ5r0n
68,https://lichess.org/tournament/X5BO0Amj
69,https://lichess.org/tournament/XLiNy5KR
70,https://lichess.org/tournament/XoO5rZPm
71,https://lichess.org/tournament/XyY0tzep
72,https://lichess.org/tournament/YkoZvEr4
73,https://lichess.org/tournament/ZHViplak
74,https://lichess.org/tournament/aoErwkcR
75,https://lichess.org/tournament/aqG37f5i
76,https://lichess.org/tournament/b2j7sP5S
77,https://lichess.org/tournament/bAS7swYV
78,https://lichess.org/tournament/bjvlJhGQ
79,https://lichess.org/tournament/bzQ4dumb
80,https://lichess.org/tournament/cf5H8AYJ
81,https://lichess.org/tournament/dS8WmP4c
82,https://lichess.org/tournament/dsSXHFyw
83,https://lichess.org/tournament/egN9tCMI
84,https://lichess.org/tournament/encooMGt
85,https://lichess.org/tournament/f3Yvuuyv
86,https://lichess.org/tournament/g9iSFamF
87,https://lichess.org/tournament/gBfVvCg1
88,https://lichess.org/tournament/giz7Yftp
89,https://lichess.org/tournament/gjw90BZZ
90,https://lichess.org/tournament/gluNFtfa
91,https://lichess.org/tournament/gthdwhyb
92,https://lichess.org/tournament/h3tg2JFa
93,https://lichess.org/tournament/htxJeL1r
94,https://lichess.org/tournament/iKhfRkbT
95,https://lichess.org/tournament/idRkI3DK
96,https://lichess.org/tournament/iibiIsRa
97,https://lichess.org/tournament/ijlq8EpJ
98,https://lichess.org/tournament/j4T6whe3
99,https://lichess.org/tournament/j7A3mT7n
100,https://lichess.org/tournament/jWezfbnB
101,https://lichess.org/tournament/jqew2nsk
102,https://lichess.org/tournament/kHE7ZxAT
103,https://lichess.org/tournament/kNkJVxvU
104,https://lichess.org/tournament/kbxqqA6D
105,https://lichess.org/tournament/lKPZmPlw
106,https://lichess.org/tournament/ladgype2
107,https://lichess.org/tournament/lbY5qfF4
108,https://lichess.org/tournament/lbbO1bEa
109,https://lichess.org/tournament/lhwp7hph
110,https://lichess.org/tournament/m1CR8E0Q
111,https://lichess.org/tournament/moB7eTp3
112,https://lichess.org/tournament/nqRxSMha
113,https://lichess.org/tournament/oN6WPTFA
114,https://lichess.org/tournament/oSyPykCM
115,https://lichess.org/tournament/oXJryhs0
116,https://lichess.org/tournament/oeYQRhhk
117,https://lichess.org/tournament/pCWpb5ZO
118,https://lichess.org/tournament/pmxS8oVN
119,https://lichess.org/tournament/q7fA9d38
120,https://lichess.org/tournament/qF8r2bGe
121,https://lichess.org/tournament/qMzdGJt1
122,https://lichess.org/tournament/qg3Tx2iL
123,https://lichess.org/tournament/qjk54baK
124,https://lichess.org/tournament/rEM9xWYo
125,https://lichess.org/tournament/rkEvTAnO
126,https://lichess.org/tournament/slnQsXVF
127,https://lichess.org/tournament/swlsEYuM
128,https://lichess.org/tournament/t3Eq2Gp3
129,https://lichess.org/tournament/t4DdyId6
130,https://lichess.org/tournament/tNhXNPc3
131,https://lichess.org/tournament/txxMAYnj
132,https://lichess.org/tournament/uIEq8L1g
133,https://lichess.org/tournament/ubIg9bzj
134,https://lichess.org/tournament/vJxRitVq
135,https://lichess.org/tournament/vfoirPmw
136,https://lichess.org/tournament/w1S2q2PN
137,https://lichess.org/tournament/xXtygVPd
138,https://lichess.org/tournament/xZG8WDjj
139,https://lichess.org/tournament/xrTQfRyG
140,https://lichess.org/tournament/y0vjM6jU
141,https://lichess.org/tournament/yWxRqW3P
142,https://lichess.org/tournament/yvtYabUQ
143,https://lichess.org/tournament/zGF5kkgN
